{"id": 741, "ph": 6.3, "density": 13.0, "hardness": 88.0, "pressure": 114.0, "uptime": 743522, "received_at": 1776629278.79238, "rheology": 8.76923076923077}